time,lenght,status
2024-11-10 00:22:43.078883,0 days 00:02:29.948624,read
2024-11-10 00:24:39.746551,0 days 00:01:03.994949,sleep
2024-11-10 00:27:16.143368,0 days 00:02:36.391329,read
2024-11-10 00:29:45.503884,0 days 00:02:29.357522,sleep
2024-11-10 00:32:25.910872,0 days 00:02:40.400649,read
2024-11-10 00:34:50.037197,0 days 00:02:24.123367,sleep
2024-11-10 00:37:17.812338,0 days 00:02:27.773176,read
2024-11-10 00:39:55.371269,0 days 00:02:29.282375,sleep
2024-11-10 00:42:25.927878,0 days 00:02:30.552618,read
2024-11-10 00:44:55.664399,0 days 00:02:29.734523,sleep
2024-11-10 00:47:46.274452,0 days 00:02:50.608025,read
2024-11-10 00:50:05.047716,0 days 00:01:36.776955,Too many requests
2024-11-10 00:52:46.856272,0 days 00:02:41.804565,read
2024-11-10 00:55:06.290903,0 days 00:02:19.431629,Too many requests
2024-11-10 00:57:38.947343,0 days 00:02:32.653445,read
2024-11-10 01:00:08.651636,0 days 00:02:29.701302,Too many requests
2024-11-10 01:02:42.863427,0 days 00:02:34.208798,read
2024-11-10 01:05:12.380225,0 days 00:02:29.513804,Too many requests
2024-11-10 01:07:52.223761,0 days 00:02:39.840533,read
2024-11-10 01:10:21.930169,0 days 00:02:29.703277,Too many requests
2024-11-10 01:13:15.459676,0 days 00:02:53.527542,read
2024-11-10 01:15:23.781564,0 days 00:02:08.318896,Too many requests
2024-11-10 01:18:16.243227,0 days 00:02:52.458647,read
2024-11-10 01:20:25.815550,0 days 00:02:09.570327,Too many requests
2024-11-10 01:23:21.049766,0 days 00:02:55.231220,read
2024-11-10 01:25:29.363198,0 days 00:02:08.310440,Too many requests
2024-11-10 01:28:14.026064,0 days 00:02:44.659683,read
2024-11-10 01:30:33.274810,0 days 00:02:19.246720,Too many requests
2024-11-10 01:33:23.076463,0 days 00:02:49.798666,read
2024-11-10 01:35:42.037878,0 days 00:02:18.958421,Too many requests
2024-11-10 01:38:28.368696,0 days 00:02:46.328819,read
2024-11-10 01:40:48.039214,0 days 00:02:19.668523,Too many requests
2024-11-10 01:43:41.752598,0 days 00:02:53.710393,read
2024-11-10 01:45:51.054496,0 days 00:02:09.298936,Too many requests
2024-11-10 01:48:36.262159,0 days 00:02:45.205652,read
2024-11-10 01:50:55.696836,0 days 00:02:19.432680,Too many requests
2024-11-10 01:53:42.076176,0 days 00:02:46.376340,read
2024-11-10 01:56:01.114835,0 days 00:02:19.035666,Too many requests
2024-11-10 01:58:53.696157,0 days 00:02:52.578323,read
2024-11-10 02:01:02.613316,0 days 00:02:08.914165,Too many requests
2024-11-10 02:03:49.720887,0 days 00:02:47.104612,read
2024-11-10 02:06:09.863544,0 days 00:02:20.140660,Too many requests
2024-11-10 02:09:15.883940,0 days 00:03:06.017401,read
2024-11-10 02:11:14.383688,0 days 00:01:58.496763,Too many requests
2024-11-10 02:14:15.605408,0 days 00:03:01.218724,read
2024-11-10 02:16:25.079175,0 days 00:02:09.470775,Too many requests
2024-11-10 02:19:29.357198,0 days 00:03:04.275032,read
2024-11-10 02:21:27.674038,0 days 00:01:58.313838,Too many requests
2024-11-10 02:24:23.569561,0 days 00:02:55.892527,read
2024-11-10 02:26:32.069245,0 days 00:02:08.496684,Too many requests
2024-11-10 02:29:32.268107,0 days 00:03:00.196872,read
2024-11-10 02:31:42.422035,0 days 00:02:10.150905,Too many requests
2024-11-10 02:34:55.151613,0 days 00:03:12.726064,read
2024-11-10 02:36:42.818834,0 days 00:01:47.664228,Too many requests
2024-11-10 02:40:02.159895,0 days 00:03:19.338053,read
2024-11-10 02:41:50.419830,0 days 00:01:48.257968,Too many requests
2024-11-10 02:44:59.653502,0 days 00:03:09.230678,read
2024-11-10 02:46:58.507320,0 days 00:01:58.851820,Too many requests
2024-11-10 02:50:13.406952,0 days 00:03:14.897638,read
2024-11-10 02:52:00.886853,0 days 00:01:47.476972,Too many requests
2024-11-10 02:55:05.395959,0 days 00:03:04.507111,read
2024-11-10 02:57:03.123332,0 days 00:01:57.724379,Too many requests
2024-11-10 03:00:09.676166,0 days 00:03:06.549866,read
2024-11-10 03:02:07.529556,0 days 00:01:57.850398,Too many requests
2024-11-10 03:05:11.207807,0 days 00:03:03.657305,read
2024-11-10 03:07:09.806044,0 days 00:01:58.595245,Too many requests
2024-11-10 03:10:19.916430,0 days 00:03:10.107359,read
2024-11-10 03:12:18.876658,0 days 00:01:58.957237,Too many requests
2024-11-10 03:15:34.755821,0 days 00:03:15.876168,read
2024-11-10 03:17:22.391484,0 days 00:01:47.632670,Too many requests
2024-11-10 03:20:42.354774,0 days 00:03:19.960271,read
2024-11-10 03:22:29.339242,0 days 00:01:46.981477,Too many requests
2024-11-10 03:25:42.079115,0 days 00:03:12.737880,read
2024-11-10 03:27:29.312974,0 days 00:01:47.230888,Too many requests
2024-11-10 03:30:51.597120,0 days 00:03:22.281155,read
2024-11-10 03:32:38.877926,0 days 00:01:47.276816,Too many requests
2024-11-10 03:35:55.294495,0 days 00:03:16.414542,read
2024-11-10 03:37:42.349277,0 days 00:01:47.051790,Too many requests
2024-11-10 03:41:10.173080,0 days 00:03:27.820781,read
2024-11-10 03:42:46.374688,0 days 00:01:36.198616,Too many requests
2024-11-10 03:46:05.018833,0 days 00:03:18.641152,read
2024-11-10 03:47:52.925468,0 days 00:01:47.903641,Too many requests
2024-11-10 03:51:16.053954,0 days 00:03:23.124416,read
2024-11-10 03:52:52.890259,0 days 00:01:36.833345,Too many requests
2024-11-10 03:56:23.772595,0 days 00:03:30.880345,read
2024-11-10 03:58:00.076968,0 days 00:01:36.301382,Too many requests
2024-11-10 04:01:27.940763,0 days 00:03:27.861803,read
2024-11-10 04:03:04.564701,0 days 00:01:36.620945,Too many requests
2024-11-10 04:06:34.056979,0 days 00:03:29.489313,read
2024-11-10 04:08:11.151216,0 days 00:01:37.092244,Too many requests
2024-11-10 04:11:37.887410,0 days 00:03:26.733193,read
2024-11-10 04:13:14.306390,0 days 00:01:36.415985,Too many requests
2024-11-10 04:16:48.666660,0 days 00:03:34.357269,read
2024-11-10 04:18:14.820967,0 days 00:01:26.151342,Too many requests
2024-11-10 04:21:47.095148,0 days 00:03:32.270152,read
2024-11-10 04:23:24.310993,0 days 00:01:37.213850,Too many requests
2024-11-10 04:27:00.353978,0 days 00:03:36.040990,read
2024-11-10 04:28:26.170869,0 days 00:01:25.813867,Too many requests
2024-11-10 04:32:07.006756,0 days 00:03:40.832893,read
2024-11-10 04:33:33.788766,0 days 00:01:26.778011,Too many requests
2024-11-10 04:37:17.234592,0 days 00:03:43.443836,read
2024-11-10 04:38:33.473426,0 days 00:01:16.234845,Too many requests
2024-11-10 04:42:21.662972,0 days 00:03:48.186525,read
2024-11-10 04:43:36.779191,0 days 00:01:15.113246,Too many requests
2024-11-10 04:47:18.053744,0 days 00:03:41.272565,read
2024-11-10 04:48:43.910342,0 days 00:01:25.853604,Too many requests
2024-11-10 04:52:24.418623,0 days 00:03:40.504985,read
2024-11-10 04:53:49.846923,0 days 00:01:25.425306,Too many requests
2024-11-10 04:57:30.730170,0 days 00:03:40.880253,read
2024-11-10 04:58:56.249841,0 days 00:01:25.516783,Too many requests
2024-11-10 05:02:40.285756,0 days 00:03:44.032915,read
2024-11-10 05:03:55.504589,0 days 00:01:15.215841,Too many requests
2024-11-10 05:07:42.652025,0 days 00:03:47.143412,read
2024-11-10 05:08:57.457933,0 days 00:01:14.803280,Too many requests
2024-11-10 05:12:42.966601,0 days 00:03:45.505668,read
2024-11-10 05:13:57.905013,0 days 00:01:14.935420,Too many requests
2024-11-10 05:17:55.017462,0 days 00:03:57.109462,read
2024-11-10 05:18:59.405375,0 days 00:01:04.384921,Too many requests
2024-11-10 05:22:53.885995,0 days 00:03:54.478628,read
2024-11-10 05:24:08.717332,0 days 00:01:14.828373,Too many requests
2024-11-10 05:28:08.535019,0 days 00:03:59.814690,read
2024-11-10 05:29:12.668930,0 days 00:01:04.130917,Too many requests
2024-11-10 05:33:13.367085,0 days 00:04:00.694164,read
2024-11-10 05:34:17.863231,0 days 00:01:04.493154,Too many requests
2024-11-10 05:38:28.314644,0 days 00:04:10.448405,read
2024-11-10 05:39:22.191959,0 days 00:00:53.874322,Too many requests
2024-11-10 05:43:33.805719,0 days 00:04:11.610764,read
2024-11-10 05:44:28.115347,0 days 00:00:54.306672,Too many requests
2024-11-10 05:48:38.087790,0 days 00:04:09.970450,read
2024-11-10 05:49:31.744776,0 days 00:00:53.654026,Too many requests
2024-11-10 05:53:46.695289,0 days 00:04:14.947518,read
2024-11-10 05:54:40.504478,0 days 00:00:53.806195,Too many requests
2024-11-10 05:58:56.152135,0 days 00:04:15.644654,read
2024-11-10 05:59:49.774433,0 days 00:00:53.619333,Too many requests
2024-11-10 06:04:08.903217,0 days 00:04:19.126758,read
2024-11-10 06:04:52.113233,0 days 00:00:43.206027,Too many requests
2024-11-10 06:09:23.748920,0 days 00:04:31.631692,read
2024-11-10 06:09:55.855922,0 days 00:00:32.103013,Too many requests
2024-11-10 06:14:21.551269,0 days 00:04:25.692320,read
2024-11-10 06:15:04.650432,0 days 00:00:43.096208,Too many requests
2024-11-10 06:19:25.142612,0 days 00:04:20.489188,read
2024-11-10 06:20:08.053092,0 days 00:00:42.907486,Too many requests
2024-11-10 06:24:32.770235,0 days 00:04:24.714140,read
2024-11-10 06:25:15.839937,0 days 00:00:43.066679,Too many requests
2024-11-10 06:29:31.952919,0 days 00:04:16.109974,read
2024-11-10 06:30:25.542008,0 days 00:00:53.586128,Too many requests
2024-11-10 06:34:43.786031,0 days 00:04:18.241057,read
2024-11-10 06:35:27.181117,0 days 00:00:43.391126,Too many requests
2024-11-10 06:39:57.357587,0 days 00:04:30.173476,read
2024-11-10 06:40:29.572321,0 days 00:00:32.212745,Too many requests
2024-11-10 06:44:53.763867,0 days 00:04:24.187550,read
2024-11-10 06:45:36.528704,0 days 00:00:42.761846,Too many requests
2024-11-10 06:50:01.606699,0 days 00:04:25.075037,read
2024-11-10 06:50:44.471592,0 days 00:00:42.861895,Too many requests
2024-11-10 06:55:10.744393,0 days 00:04:26.269807,read
2024-11-10 06:55:53.868012,0 days 00:00:43.119661,Too many requests
2024-11-10 07:00:22.266721,0 days 00:04:28.395694,read
2024-11-10 07:00:54.484850,0 days 00:00:32.214976,Too many requests
2024-11-10 07:05:27.118903,0 days 00:04:32.630060,read
2024-11-10 07:05:59.343086,0 days 00:00:32.221190,Too many requests
2024-11-10 07:10:36.092706,0 days 00:04:36.746591,read
2024-11-10 07:11:08.246316,0 days 00:00:32.150617,Too many requests
2024-11-10 07:15:43.831030,0 days 00:04:35.581686,read
2024-11-10 07:16:15.903154,0 days 00:00:32.068168,Too many requests
2024-11-10 07:20:55.277844,0 days 00:04:39.371695,read
2024-11-10 07:21:16.723507,0 days 00:00:21.442704,Too many requests
2024-11-10 07:25:59.954710,0 days 00:04:43.228182,read
2024-11-10 07:26:21.386548,0 days 00:00:21.428875,Too many requests
2024-11-10 07:31:10.043977,0 days 00:04:48.655403,read
2024-11-10 07:31:20.806727,0 days 00:00:10.758759,Too many requests
2024-11-10 07:36:18.116082,0 days 00:04:57.306356,read
2024-11-10 07:36:28.853628,0 days 00:00:10.734546,Too many requests
2024-11-10 07:41:23.010209,0 days 00:04:54.151622,read
2024-11-10 07:41:34.157905,0 days 00:00:11.143709,Too many requests
2024-11-10 07:46:22.061845,0 days 00:04:47.900944,read
2024-11-10 07:46:43.434656,0 days 00:00:21.369832,Too many requests
2024-11-10 07:51:25.859116,0 days 00:04:42.421468,read
2024-11-10 07:51:47.396091,0 days 00:00:21.533983,Too many requests
2024-11-10 07:56:28.414249,0 days 00:04:41.014134,read
2024-11-10 07:56:49.778077,0 days 00:00:21.360832,Too many requests
2024-11-10 08:06:46.494814,0 days 00:09:56.713745,read
2024-11-10 08:06:57.705137,0 days 00:00:11.207331,Too many requests
2024-11-10 08:16:51.354741,0 days 00:09:53.647611,read
2024-11-10 08:17:02.036492,0 days 00:00:10.678759,Too many requests
2024-11-10 08:21:57.626781,0 days 00:04:55.587335,read
2024-11-10 08:22:08.305179,0 days 00:00:10.675377,Too many requests
2024-11-10 11:05:00.559337,0 days 00:03:19.774937,read
2024-11-10 11:07:30.742668,0 days 00:02:30.178345,Too many requests
2024-11-10 11:10:11.020732,0 days 00:02:40.275035,read
2024-11-10 11:12:31.765278,0 days 00:02:20.741587,Too many requests
2024-11-10 11:15:23.939915,0 days 00:02:52.171645,read
2024-11-10 11:17:34.067900,0 days 00:02:10.124993,Too many requests
2024-11-10 11:20:13.565629,0 days 00:02:39.495700,read
2024-11-10 11:22:43.530202,0 days 00:02:29.960585,Too many requests
2024-11-10 11:25:19.434554,0 days 00:02:35.901360,read
2024-11-10 11:27:50.252681,0 days 00:02:30.815165,Too many requests
2024-11-10 11:30:27.698475,0 days 00:02:37.443798,read
2024-11-10 11:32:58.344232,0 days 00:02:30.642767,Too many requests
2024-11-10 11:35:32.583164,0 days 00:02:34.235953,read
2024-11-10 11:38:05.828087,0 days 00:00:21.408795,Too many requests
2024-11-10 11:40:37.174978,0 days 00:02:31.342898,read
2024-11-10 11:43:07.567869,0 days 00:02:30.388900,Too many requests
2024-11-10 11:45:46.679606,0 days 00:02:39.108742,read
2024-11-10 11:48:17.121862,0 days 00:02:30.438277,Too many requests
2024-11-10 11:50:58.033607,0 days 00:02:40.907751,read
2024-11-10 11:53:18.147877,0 days 00:02:20.111310,Too many requests
2024-11-10 11:56:04.351548,0 days 00:02:46.200614,read
2024-11-10 11:58:24.995984,0 days 00:02:20.641444,Too many requests
2024-11-10 12:01:09.139046,0 days 00:02:44.140036,read
2024-11-10 12:03:28.651346,0 days 00:02:19.509309,Too many requests
2024-11-10 12:06:05.017594,0 days 00:02:36.363254,read
2024-11-10 12:08:35.180059,0 days 00:02:30.158475,Too many requests
2024-11-10 12:11:09.039058,0 days 00:02:33.856016,read
2024-11-10 12:13:39.136872,0 days 00:02:30.094822,Too many requests
2024-11-10 12:16:19.143250,0 days 00:02:40.003334,read
2024-11-10 12:18:39.684775,0 days 00:02:20.538533,Too many requests
2024-11-10 12:21:25.383078,0 days 00:02:45.695294,read
2024-11-10 12:23:45.594183,0 days 00:02:20.207147,Too many requests
2024-11-10 12:26:17.903713,0 days 00:02:32.306535,read
2024-11-10 12:28:48.448526,0 days 00:02:30.541820,Too many requests
2024-11-10 12:31:29.440771,0 days 00:02:40.989247,read
2024-11-10 12:33:48.792630,0 days 00:02:19.348868,Too many requests
2024-11-10 12:36:28.700396,0 days 00:02:39.904764,read
2024-11-10 12:38:48.429082,0 days 00:02:19.724398,Too many requests
2024-11-10 12:41:21.099198,0 days 00:02:32.666095,read
2024-11-10 12:43:52.010189,0 days 00:02:30.908000,Too many requests
2024-11-10 12:46:27.603877,0 days 00:02:35.589670,read
2024-11-10 12:48:57.182227,0 days 00:02:29.575345,Too many requests
2024-11-10 12:51:39.583267,0 days 00:02:42.398038,read
2024-11-10 12:53:59.545736,0 days 00:02:19.959437,Too many requests
2024-11-10 12:56:43.524294,0 days 00:02:43.975564,read
2024-11-10 12:59:03.912154,0 days 00:02:20.384868,Too many requests
2024-11-10 13:01:40.927131,0 days 00:02:37.011996,read
2024-11-10 13:04:11.156630,0 days 00:02:30.226477,Too many requests
2024-11-10 13:06:55.706677,0 days 00:02:44.547053,read
2024-11-10 13:09:15.398425,0 days 00:02:19.688752,Too many requests
2024-11-10 13:11:51.560653,0 days 00:02:36.159234,read
2024-11-10 13:14:21.877862,0 days 00:02:30.314215,Too many requests
2024-11-10 13:16:53.838055,0 days 00:02:31.957202,read
2024-11-10 13:19:25.618929,0 days 00:02:31.777862,Too many requests
2024-11-10 13:22:02.785034,0 days 00:02:37.163148,read
2024-11-10 13:24:33.227940,0 days 00:02:30.439933,Too many requests
2024-11-10 13:27:11.006862,0 days 00:02:37.774933,read
2024-11-10 13:29:41.248045,0 days 00:02:30.237154,Too many requests
2024-11-10 13:32:16.303542,0 days 00:02:35.052503,read
2024-11-10 13:34:46.227354,0 days 00:02:29.920723,Too many requests
2024-11-10 13:37:35.466692,0 days 00:02:49.236343,read
2024-11-10 13:39:54.539233,0 days 00:02:19.069543,Too many requests
2024-11-10 13:42:25.356130,0 days 00:02:30.813921,read
2024-11-10 13:44:54.725122,0 days 00:02:29.365007,Too many requests
2024-11-10 13:47:31.559696,0 days 00:02:36.831549,read
2024-11-10 13:50:02.457793,0 days 00:02:30.895102,Too many requests
2024-11-10 13:52:38.131406,0 days 00:02:35.670621,read
2024-11-10 13:55:08.924313,0 days 00:02:30.789883,Too many requests
2024-11-10 13:57:52.133472,0 days 00:02:43.205169,read
2024-11-10 14:00:11.618869,0 days 00:02:19.482397,Too many requests
